Workbook
Name Slicer_age_group: #N/A
Name Slicer_gender1: #N/A

Sheet Clinical_analysis
F6: =TEXT(A4, "#,##0") -> 0 | H6: #VALUE!

Sheet Executive_overview
F6: =TEXT(A4, "#,##0") -> 0 | H6: #VALUE!

Sheet Detail1
A1: Details for Average of cancerous_flag - pesticide: f
A3: patient_id | B3: age | C3: age_group | D3: gender | E3: smoke | F3: drink | G3: pesticide | H3: skin_cancer_history | I3: cancer_history | J3: has_piped_water | K3: has_sewage_system | L3: background_father | M3: background_mother | N3: lesion_id | O3: fitspatrick | P3: region | Q3: diameter_1 | R3: diameter_2 | S3: avg_diameter | T3: lesion_size_category | U3: itch | V3: grew | W3: hurt | X3: changed | Y3: bleed | Z3: elevation | AA3: biopsed | AB3: diagnostic | AC3: cancerous_flag | AD3: mean_diameter | AE3: lesion_classification | AF3: Diagnosis_Description
A4: PAT_100 | B4: 14 | C4: Young Adult | D4: MALE | E4: f | F4: f | G4: f | H4: f | I4: t | J4: f | K4: f | L4: POMERANIA | M4: POMERANIA | N4: 393 | O4: 1 | P4: FACE | Q4: 7 | R4: 3 | S4: 5 | T4: Medium | U4: f | V4: f | W4: f | X4: f | Y4: f | Z4: f | AA4: t | AB4: NEV | AC4: 0 | AD4: 5 | AE4: Non-cancerous | AF4: Melanocytic nevus
A5: PAT_1000 | B5: 65 | C5: Elderly | D5: MALE | E5: f | F5: f | G5: f | H5: f | I5: f | J5: f | K5: f | L5: UNKNOWN | M5: UNKNOWN | N5: 31 | O5: 0 | P5: EAR | Q5: 0 | R5: 0 | S5: 0 | T5: Small | U5: f | V5: f | W5: f | X5: f | Y5: f | Z5: f | AA5: f | AB5: SEK | AC5: 0 | AD5: 0 | AE5: Non-cancerous | AF5: Seborreic keratosis
A6: PAT_1006 | B6: 63 | C6: Elderly | D6: MALE | E6: f | F6: f | G6: f | H6: f | I6: f | J6: f | K6: f | L6: UNKNOWN | M6: UNKNOWN | N6: 53 | O6: 0 | P6: FOREARM | Q6: 0 | R6: 0 | S6: 0 | T6: Small | U6: f | V6: f | W6: f | X6: f | Y6: f | Z6: f | AA6: f | AB6: ACK | AC6: 0 | AD6: 0 | AE6: Non-cancerous | AF6: Actinic keratosis
A7: PAT_1008 | B7: 64 | C7: Elderly | D7: MALE | E7: f | F7: f | G7: f | H7: f | I7: f | J7: f | K7: f | L7: UNKNOWN | M7: UNKNOWN | N7: 59 | O7: 0 | P7: FACE | Q7: 0 | R7: 0 | S7: 0 | T7: Small | U7: f | V7: t | W7: f | X7: f | Y7: f | Z7: t | AA7: f | AB7: SEK | AC7: 0 | AD7: 0 | AE7: Non-cancerous | AF7: Seborreic keratosis
A8: PAT_101 | B8: 59 | C8: Older Adult | D8: MALE | E8: t | F8: t | G8: f | H8: f | I8: f | J8: t | K8: t | L8: GERMANY | M8: GERMANY | N8: 1041 | O8: 2 | P8: NECK | Q8: 20 | R8: 15 | S8: 17.5 | T8: Large | U8: t | V8: t | W8: t | X8: f | Y8: t | Z8: t | AA8: t | AB8: BCC | AC8: 1 | AD8: 17.5 | AE8: Cancerous | AF8: Basal cell carcinoma
A9: PAT_1013 | B9: 43 | C9: Middle Age | D9: MALE | E9: f | F9: f | G9: f | H9: f | I9: f | J9: f | K9: f | L9: UNKNOWN | M9: UNKNOWN | N9: 82 | O9: 0 | P9: BACK | Q9: 0 | R9: 0 | S9: 0 | T9: Small | U9: t | V9: f | W9: f | X9: f | Y9: f | Z9: f | AA9: f | AB9: ACK | AC9: 0 | AD9: 0 | AE9: Non-cancerous | AF9: Actinic keratosis
A10: PAT_1014 | B10: 41 | C10: Middle Age | D10: MALE | E10: f | F10: f | G10: f | H10: f | I10: f | J10: f | K10: f | L10: UNKNOWN | M10: UNKNOWN | N10: 86 | O10: 0 | P10: FOREARM | Q10: 0 | R10: 0 | S10: 0 | T10: Small | U10: t | V10: f | W10: f | X10: f | Y10: f | Z10: f | AA10: f | AB10: ACK | AC10: 0 | AD10: 0 | AE10: Non-cancerous | AF10: Actinic keratosis
A11: PAT_1017 | B11: 67 | C11: Elderly | D11: MALE | E11: f | F11: f | G11: f | H11: f | I11: f | J11: f | K11: f | L11: UNKNOWN | M11: UNKNOWN | N11: 97 | O11: 0 | P11: FACE | Q11: 0 | R11: 0 | S11: 0 | T11: Small | U11: t | V11: f | W11: f | X11: f | Y11: f | Z11: f | AA11: f | AB11: ACK | AC11: 0 | AD11: 0 | AE11: Non-cancerous | AF11: Actinic keratosis
A12: PAT_1018 | B12: 37 | C12: Middle Age | D12: MALE | E12: f | F12: f | G12: f | H12: f | I12: f | J12: f | K12: f | L12: UNKNOWN | M12: UNKNOWN | N12: 107 | O12: 0 | P12: ARM | Q12: 0 | R12: 0 | S12: 0 | T12: Small | U12: f | V12: f | W12: f | X12: f | Y12: f | Z12: f | AA12: f | AB12: ACK | AC12: 0 | AD12: 0 | AE12: Non-cancerous | AF12: Actinic keratosis
A13: PAT_1019 | B13: 48 | C13: Older Adult | D13: MALE | E13: f | F13: f | G13: f | H13: f | I13: f | J13: f | K13: f | L13: UNKNOWN | M13: UNKNOWN | N13: 110 | O13: 0 | P13: ARM | Q13: 0 | R13: 0 | S13: 0 | T13: Small | U13: t | V13: f | W13: f | X13: f | Y13: f | Z13: f | AA13: f | AB13: ACK | AC13: 0 | AD13: 0 | AE13: Non-cancerous | AF13: Actinic keratosis
A14: PAT_1020 | B14: 41 | C14: Middle Age | D14: MALE | E14: f | F14: f | G14: f | H14: f | I14: f | J14: f | K14: f | L14: UNKNOWN | M14: UNKNOWN | N14: 111 | O14: 0 | P14: CHEST | Q14: 0 | R14: 0 | S14: 0 | T14: Small | U14: f | V14: f | W14: f | X14: f | Y14: f | Z14: f | AA14: f | AB14: ACK | AC14: 0 | AD14: 0 | AE14: Non-cancerous | AF14: Actinic keratosis
A15: PAT_1021 | B15: 37 | C15: Middle Age | D15: MALE | E15: f | F15: f | G15: f | H15: f | I15: f | J15: f | K15: f | L15: UNKNOWN | M15: UNKNOWN | N15: 112 | O15: 0 | P15: NOSE | Q15: 0 | R15: 0 | S15: 0 | T15: Small | U15: t | V15: f | W15: f | X15: f | Y15: f | Z15: f | AA15: f | AB15: ACK | AC15: 0 | AD15: 0 | AE15: Non-cancerous | AF15: Actinic keratosis
... A868: PAT_57 | B868: 75 | C868: Elderly | D868: FEMALE | E868: f | F868: f | G868: f | H868: f | I868: f | J868: t | K868: t | L868: BRAZIL | M868: BRAZIL | N868: 90 | O868: 2 | P868: BACK | Q868: 6 | R868: 6 | S868: 6 | T868: Medium | U868: t | V868: f | W868: f | X868: f | Y868: f | Z868: f | AA868: t | AB868: ACK | AC868: 0 | AD868: 6 | AE868: Non-cancerous | AF868: Actinic keratosis

Sheet pivot_analysis
A3: Row Labels | B3: Count of Diagnosis_Description
A4: Actinic keratosis | B4: 461 | I4: Diagnosis | J4: Cancerous Share
A5: Basal cell carcinoma | B5: 273 | I5: Basal cell Carcinoma | J5: 0.789
A6: Melanocytic nevus | B6: 144 | I6: Squamous cell carcinoma | J6: 0.1618
A7: Seborreic keratosis | B7: 137 | I7: Melanoma | J7: 0.0491
A8: Squamous cell carcinoma | B8: 56
A9: Melanoma | B9: 17
A10: Grand Total | B10: 1088
A15: Row Labels | B15: Count of cancerous_flag
A16: Cancerous | B16: 346
A17: Non-cancerous | B17: 742
A18: Grand Total | B18: 1088
B19: Row Labels | C19: Average of cancerous_flag
B20: f | C20: 0.21965318
B21: t | C21: 0.69955157
B22: Grand Total | C22: 0.31801471

Sheet Sheet14

Sheet Sheet15

Sheet Sheet16

Sheet Sheet12

Sheet Sheet11

Sheet Sheet7

Sheet Sheet8

Sheet Sheet9

Sheet Sheet10

Sheet Sheet6
B3: Column Labels
B4: FEMALE | D4: MALE | F4: Total Average of cancerous_flag | G4: Total Count of cancerous_flag | H4: Age Group | I4: Female Rate | J4: Male Rate | K4: Overall Rate | L4: Records
A5: Row Labels | B5: Average of cancerous_flag | C5: Count of cancerous_flag | D5: Average of cancerous_flag | E5: Count of cancerous_flag | H5: =A6 -> Elderly | I5: =B6 -> 0.49710983 | J5: =D6 -> 0.30708661 | K5: =F6 -> 0.36642599 | L5: =C6+E6 -> 554
A6: Elderly | B6: 0.49710983 | C6: 173 | D6: 0.30708661 | E6: 381 | F6: 0.36642599 | G6: 554 | H6: =A7 -> Middle Age | I6: =B7 -> 0.28 | J6: =D7 -> 0.16326531 | K6: =F7 -> 0.2027027 | L6: =C7+E7 -> 148
A7: Middle Age | B7: 0.28 | C7: 50 | D7: 0.16326531 | E7: 98 | F7: 0.2027027 | G7: 148 | H7: =A8 -> Older Adult | I7: =B8 -> 0.43307087 | J7: =D8 -> 0.27722772 | K7: =F8 -> 0.33738602 | L7: 329
A8: Older Adult | B8: 0.43307087 | C8: 127 | D8: 0.27722772 | E8: 202 | F8: 0.33738602 | G8: 329 | H8: =A9 -> Young Adult | I8: =B9 -> 0.16666667 | J8: =D9 -> 0 | K8: =F9 -> 0.035087719 | L8: =C9+E9 -> 57
A9: Young Adult | B9: 0.16666667 | C9: 12 | D9: 0 | E9: 45 | F9: 0.035087719 | G9: 57 | H9: Grand Total | I9: =B10 -> 0.43370166 | J9: =D10 -> 0.26033058 | K9: =F10 -> 0.31801471 | L9: =C10+E10 -> 1088
A10: Grand Total | B10: 0.43370166 | C10: 362 | D10: 0.26033058 | E10: 726 | F10: 0.31801471 | G10: 1088
E13: /.
B15: Row Labels | C15: Average of cancerous_flag
B16: FEMALE | C16: 0.43370166
B17: MALE | C17: 0.26033058
B18: Grand Total | C18: 0.31801471
A22: Row Labels | B22: Average of cancerous_flag
A23: Elderly | B23: 0.36642599
A24: Older Adult | B24: 0.33738602
A25: Middle Age | B25: 0.2027027
A26: Young Adult | B26: 0.035087719
A27: Grand Total | B27: 0.31801471
A31: Row Labels | B31: Average of cancerous_flag
A32: CHEST | B32: 0.41935484
A33: EAR | B33: 0.53125
A34: NECK | B34: 0.54054054
A35: LIP | B35: 0.57142857
A36: NOSE | B36: 0.69117647
A37: Grand Total | B37: 0.52238806
A50: Row Labels | B50: Average of cancerous_flag
A51: Actinic keratosis | B51: 0
A52: Basal cell carcinoma | B52: 1
A53: Melanocytic nevus | B53: 0
A54: Melanoma | B54: 1
A55: Seborreic keratosis | B55: 0
A56: Squamous cell carcinoma | B56: 1
A57: Grand Total | B57: 0.31801471

Sheet Sheet17

Sheet Sheet13

Sheet Sheet3
A3: Count of cancerous_flag
A4: 1088
F6: =TEXT(A4, "#,##0") -> 1,088
A7: Sum of cancerous_flag
A8: 346
I10: =A4-A8 -> 742
L11: =(TEXT(I13,"0.0"%)) -> 0
L12: =TEXT(I13,"0.0%") -> 31.8%
I13: =A8/A4 -> 0.31801471

Sheet Sheet2
A3: Average of mean_diameter
A4: 4.5592831

Sheet Sheet5
A3: Row Labels | B3: Average of cancerous_flag | D3: risk factor | E3: no exposure | F3: yes exposure | G3: no exposure(left) | J3: Row Labels | K3: Average of cancerous_flag
A4: f | B4: 0.291423 | D4: smoking | E4: =B4 -> 0.291423 | F4: =B5 -> 0.75806452 | G4: =-E4 -> -0.291423 | J4: f | K4: 0.21875 | M4: No History | N4: =K4 -> 0.21875
A5: t | B5: 0.75806452 | D5: Drinking | E5: =B11 -> 0.26105263 | F5: =B12 -> 0.71014493 | G5: =-E5 -> -0.26105263 | J5: t | K5: 0.70089286 | M5: History | N5: =K5 -> 0.70089286 | S5: Row Labels | T5: Average of cancerous_flag
A6: Grand Total | B6: 0.31801471 | D6: pesticide | E6: =B17 -> 0.21965318 | F6: =B18 -> 0.69955157 | G6: =-E6 -> -0.21965318 | J6: Grand Total | K6: 0.31801471 | S6: NOSE | T6: 0.69117647
S7: LIP | T7: 0.57142857
S8: NECK | T8: 0.54054054
M9: Row Labels | N9: Average of mean_diameter | S9: EAR | T9: 0.53125
A10: Row Labels | B10: Average of cancerous_flag | M10: Melanoma | N10: 14.088235 | S10: CHEST | T10: 0.41935484
A11: f | B11: 0.26105263 | M11: Squamous cell carcinoma | N11: 10.464286 | S11: FACE | T11: 0.36690647
A12: t | B12: 0.71014493 | M12: Basal cell carcinoma | N12: 9.9688645 | S12: BACK | T12: 0.36190476
A13: Grand Total | B13: 0.31801471 | M13: Actinic keratosis | N13: 2.6193059 | S13: THIGH | T13: 0.25714286
M14: Seborreic keratosis | N14: 0.79562044 | S14: ARM | T14: 0.25
M15: Melanocytic nevus | N15: 0.67361111 | S15: HAND | T15: 0.12727273
A16: Row Labels | B16: Average of cancerous_flag | M16: Grand Total | N16: 4.5592831 | S16: Grand Total | T16: 0.38295318
A17: f | B17: 0.21965318
A18: t | B18: 0.69955157
A19: Grand Total | B19: 0.31801471

Sheet Sheet18

Sheet DermAI_Data
A1: patient_id | B1: age | C1: age_group | D1: gender | E1: smoke | F1: drink | G1: pesticide | H1: skin_cancer_history | I1: cancer_history | J1: has_piped_water | K1: has_sewage_system | L1: background_father | M1: background_mother | N1: lesion_id | O1: fitspatrick | P1: region | Q1: diameter_1 | R1: diameter_2 | S1: avg_diameter | T1: lesion_size_category | U1: itch | V1: grew | W1: hurt | X1: changed | Y1: bleed | Z1: elevation | AA1: biopsed | AB1: diagnostic | AC1: cancerous_flag | AD1: mean_diameter | AE1: lesion_classification | AF1: Diagnosis_Description
A2: PAT_100 | B2: 14 | C2: Young Adult | D2: MALE | E2: f | F2: f | G2: f | H2: f | I2: t | J2: f | K2: f | L2: POMERANIA | M2: POMERANIA | N2: 393 | O2: 1 | P2: FACE | Q2: 7 | R2: 3 | S2: 5 | T2: Medium | U2: f | V2: f | W2: f | X2: f | Y2: f | Z2: f | AA2: t | AB2: NEV | AC2: 0 | AD2: 5 | AE2: Non-cancerous | AF2: =_xlfn.XLOOKUP(DermAI_Data[[#This Row],[diagnostic]],Diagnosis_lookup!$A$2:$A$7,Diagnosis_lookup!$B$2:$B$7,"Not Found") -> Melanocytic nevus
A3: PAT_1000 | B3: 65 | C3: Elderly | D3: MALE | E3: f | F3: f | G3: f | H3: f | I3: f | J3: f | K3: f | L3: UNKNOWN | M3: UNKNOWN | N3: 31 | O3: 0 | P3: EAR | Q3: 0 | R3: 0 | S3: 0 | T3: Small | U3: f | V3: f | W3: f | X3: f | Y3: f | Z3: f | AA3: f | AB3: SEK | AC3: 0 | AD3: 0 | AE3: Non-cancerous | AF3: =_xlfn.XLOOKUP(DermAI_Data[[#This Row],[diagnostic]],Diagnosis_lookup!$A$2:$A$7,Diagnosis_lookup!$B$2:$B$7,"Not Found") -> Seborreic keratosis | AH3: kpi | AI3: value
A4: PAT_1006 | B4: 63 | C4: Elderly | D4: MALE | E4: f | F4: f | G4: f | H4: f | I4: f | J4: f | K4: f | L4: UNKNOWN | M4: UNKNOWN | N4: 53 | O4: 0 | P4: FOREARM | Q4: 0 | R4: 0 | S4: 0 | T4: Small | U4: f | V4: f | W4: f | X4: f | Y4: f | Z4: f | AA4: f | AB4: ACK | AC4: 0 | AD4: 0 | AE4: Non-cancerous | AF4: =_xlfn.XLOOKUP(DermAI_Data[[#This Row],[diagnostic]],Diagnosis_lookup!$A$2:$A$7,Diagnosis_lookup!$B$2:$B$7,"Not Found") -> Actinic keratosis | AH4: Total Lesion Records | AI4: 1088 | AK4: =COUNT(DermAI_Data[cancerous_flag]) -> 1088
A5: PAT_1008 | B5: 64 | C5: Elderly | D5: MALE | E5: f | F5: f | G5: f | H5: f | I5: f | J5: f | K5: f | L5: UNKNOWN | M5: UNKNOWN | N5: 59 | O5: 0 | P5: FACE | Q5: 0 | R5: 0 | S5: 0 | T5: Small | U5: f | V5: t | W5: f | X5: f | Y5: f | Z5: t | AA5: f | AB5: SEK | AC5: 0 | AD5: 0 | AE5: Non-cancerous | AF5: =_xlfn.XLOOKUP(DermAI_Data[[#This Row],[diagnostic]],Diagnosis_lookup!$A$2:$A$7,Diagnosis_lookup!$B$2:$B$7,"Not Found") -> Seborreic keratosis | AH5: Cancerous Records | AI5: 346 | AK5: =SUM(DermAI_Data[cancerous_flag]) -> 346
A6: PAT_101 | B6: 59 | C6: Older Adult | D6: MALE | E6: t | F6: t | G6: f | H6: f | I6: f | J6: t | K6: t | L6: GERMANY | M6: GERMANY | N6: 1041 | O6: 2 | P6: NECK | Q6: 20 | R6: 15 | S6: 17.5 | T6: Large | U6: t | V6: t | W6: t | X6: f | Y6: t | Z6: t | AA6: t | AB6: BCC | AC6: 1 | AD6: 17.5 | AE6: Cancerous | AF6: =_xlfn.XLOOKUP(DermAI_Data[[#This Row],[diagnostic]],Diagnosis_lookup!$A$2:$A$7,Diagnosis_lookup!$B$2:$B$7,"Not Found") -> Basal cell carcinoma | AH6: Non cancerous Records | AI6: 742 | AK6: =COUNT(DermAI_Data[cancerous_flag])-SUM(DermAI_Data[cancerous_flag]) -> 742
A7: PAT_1013 | B7: 43 | C7: Middle Age | D7: MALE | E7: f | F7: f | G7: f | H7: f | I7: f | J7: f | K7: f | L7: UNKNOWN | M7: UNKNOWN | N7: 82 | O7: 0 | P7: BACK | Q7: 0 | R7: 0 | S7: 0 | T7: Small | U7: t | V7: f | W7: f | X7: f | Y7: f | Z7: f | AA7: f | AB7: ACK | AC7: 0 | AD7: 0 | AE7: Non-cancerous | AF7: =_xlfn.XLOOKUP(DermAI_Data[[#This Row],[diagnostic]],Diagnosis_lookup!$A$2:$A$7,Diagnosis_lookup!$B$2:$B$7,"Not Found") -> Actinic keratosis | AH7: Cancrrous Rate | AI7: 0.318 | AK7: =AVERAGE(DermAI_Data[cancerous_flag]) -> 0.31801471
A8: PAT_1014 | B8: 41 | C8: Middle Age | D8: MALE | E8: f | F8: f | H8: f | I8: f | J8: f | K8: f | L8: UNKNOWN | M8: UNKNOWN | N8: 86 | O8: 0 | P8: FOREARM | Q8: 0 | R8: 0 | S8: 0 | T8: Small | U8: t | V8: f | W8: f | X8: f | Y8: f | Z8: f | AA8: f | AB8: ACK | AC8: 0 | AD8: 0 | AE8: Non-cancerous | AF8: =_xlfn.XLOOKUP(DermAI_Data[[#This Row],[diagnostic]],Diagnosis_lookup!$A$2:$A$7,Diagnosis_lookup!$B$2:$B$7,"Not Found") -> Actinic keratosis
A9: PAT_1017 | B9: 67 | C9: Elderly | D9: MALE | E9: f | F9: f | G9: f | H9: f | I9: f | J9: f | K9: f | L9: UNKNOWN | M9: UNKNOWN | N9: 97 | O9: 0 | P9: FACE | Q9: 0 | R9: 0 | S9: 0 | T9: Small | U9: t | V9: f | W9: f | X9: f | Y9: f | Z9: f | AA9: f | AB9: ACK | AC9: 0 | AD9: 0 | AE9: Non-cancerous | AF9: =_xlfn.XLOOKUP(DermAI_Data[[#This Row],[diagnostic]],Diagnosis_lookup!$A$2:$A$7,Diagnosis_lookup!$B$2:$B$7,"Not Found") -> Actinic keratosis
A10: PAT_1018 | B10: 37 | C10: Middle Age | D10: MALE | E10: f | F10: f | G10: f | H10: f | I10: f | J10: f | K10: f | L10: UNKNOWN | M10: UNKNOWN | N10: 107 | O10: 0 | P10: ARM | Q10: 0 | R10: 0 | S10: 0 | T10: Small | U10: f | V10: f | W10: f | X10: f | Y10: f | Z10: f | AA10: f | AB10: ACK | AC10: 0 | AD10: 0 | AE10: Non-cancerous | AF10: =_xlfn.XLOOKUP(DermAI_Data[[#This Row],[diagnostic]],Diagnosis_lookup!$A$2:$A$7,Diagnosis_lookup!$B$2:$B$7,"Not Found") -> Actinic keratosis
A11: PAT_1019 | B11: 48 | C11: Older Adult | D11: MALE | E11: f | F11: f | G11: f | H11: f | I11: f | J11: f | K11: f | L11: UNKNOWN | M11: UNKNOWN | N11: 110 | O11: 0 | P11: ARM | Q11: 0 | R11: 0 | S11: 0 | T11: Small | U11: t | V11: f | W11: f | X11: f | Y11: f | Z11: f | AA11: f | AB11: ACK | AC11: 0 | AD11: 0 | AE11: Non-cancerous | AF11: =_xlfn.XLOOKUP(DermAI_Data[[#This Row],[diagnostic]],Diagnosis_lookup!$A$2:$A$7,Diagnosis_lookup!$B$2:$B$7,"Not Found") -> Actinic keratosis
A12: PAT_1020 | B12: 41 | C12: Middle Age | D12: MALE | E12: f | F12: f | G12: f | H12: f | I12: f | J12: f | K12: f | L12: UNKNOWN | M12: UNKNOWN | N12: 111 | O12: 0 | P12: CHEST | Q12: 0 | R12: 0 | S12: 0 | T12: Small | U12: f | V12: f | W12: f | X12: f | Y12: f | Z12: f | AA12: f | AB12: ACK | AC12: 0 | AD12: 0 | AE12: Non-cancerous | AF12: =_xlfn.XLOOKUP(DermAI_Data[[#This Row],[diagnostic]],Diagnosis_lookup!$A$2:$A$7,Diagnosis_lookup!$B$2:$B$7,"Not Found") -> Actinic keratosis
A13: PAT_1021 | B13: 37 | C13: Middle Age | D13: MALE | E13: f | F13: f | G13: f | H13: f | I13: f | J13: f | K13: f | L13: UNKNOWN | M13: UNKNOWN | N13: 112 | O13: 0 | P13: NOSE | Q13: 0 | R13: 0 | S13: 0 | T13: Small | U13: t | V13: f | W13: f | X13: f | Y13: f | Z13: f | AA13: f | AB13: ACK | AC13: 0 | AD13: 0 | AE13: Non-cancerous | AF13: =_xlfn.XLOOKUP(DermAI_Data[[#This Row],[diagnostic]],Diagnosis_lookup!$A$2:$A$7,Diagnosis_lookup!$B$2:$B$7,"Not Found") -> Actinic keratosis
A14: PAT_1022 | B14: 39 | C14: Middle Age | D14: MALE | E14: f | F14: f | G14: f | H14: f | I14: f | J14: f | K14: f | L14: UNKNOWN | M14: UNKNOWN | N14: 115 | O14: 0 | P14: FACE | Q14: 0 | R14: 0 | S14: 0 | T14: Small | U14: t | V14: f | W14: f | X14: f | Y14: f | Z14: f | AA14: f | AB14: ACK | AC14: 0 | AD14: 0 | AE14: Non-cancerous | AF14: =_xlfn.XLOOKUP(DermAI_Data[[#This Row],[diagnostic]],Diagnosis_lookup!$A$2:$A$7,Diagnosis_lookup!$B$2:$B$7,"Not Found") -> Actinic keratosis
A15: PAT_1026 | B15: 52 | C15: Older Adult | D15: MALE | E15: f | F15: f | G15: f | H15: f | I15: f | J15: f | K15: f | L15: UNKNOWN | M15: UNKNOWN | N15: 124 | O15: 0 | P15: FACE | Q15: 0 | R15: 0 | S15: 0 | T15: Small | U15: t | V15: f | W15: f | X15: f | Y15: f | Z15: f | AA15: f | AB15: ACK | AC15: 0 | AD15: 0 | AE15: Non-cancerous | AF15: =_xlfn.XLOOKUP(DermAI_Data[[#This Row],[diagnostic]],Diagnosis_lookup!$A$2:$A$7,Diagnosis_lookup!$B$2:$B$7,"Not Found") -> Actinic keratosis
A16: PAT_1027 | B16: 38 | C16: Middle Age | D16: MALE | E16: f | F16: f | G16: f | H16: f | I16: f | J16: f | K16: f | L16: UNKNOWN | M16: UNKNOWN | N16: 128 | O16: 0 | P16: FACE | Q16: 0 | R16: 0 | S16: 0 | T16: Small | U16: f | V16: f | W16: f | X16: f | Y16: f | Z16: f | AA16: f | AB16: ACK | AC16: 0 | AD16: 0 | AE16: Non-cancerous | AF16: =_xlfn.XLOOKUP(DermAI_Data[[#This Row],[diagnostic]],Diagnosis_lookup!$A$2:$A$7,Diagnosis_lookup!$B$2:$B$7,"Not Found") -> Actinic keratosis
A17: PAT_1029 | B17: 47 | C17: Older Adult | D17: MALE | E17: f | F17: f | G17: f | H17: f | I17: f | J17: f | K17: f | L17: UNKNOWN | M17: UNKNOWN | N17: 135 | O17: 0 | P17: NOSE | Q17: 0 | R17: 0 | S17: 0 | T17: Small | U17: t | V17: f | W17: f | X17: f | Y17: f | Z17: f | AA17: f | AB17: ACK | AC17: 0 | AD17: 0 | AE17: Non-cancerous | AF17: =_xlfn.XLOOKUP(DermAI_Data[[#This Row],[diagnostic]],Diagnosis_lookup!$A$2:$A$7,Diagnosis_lookup!$B$2:$B$7,"Not Found") -> Actinic keratosis
A18: PAT_1031 | B18: 35 | C18: Middle Age | D18: MALE | E18: f | F18: f | G18: f | H18: f | I18: f | J18: f | K18: f | L18: UNKNOWN | M18: UNKNOWN | N18: 148 | O18: 0 | P18: FOREARM | Q18: 0 | R18: 0 | S18: 0 | T18: Small | U18: t | V18: f | W18: f | X18: f | Y18: f | Z18: f | AA18: f | AB18: ACK | AC18: 0 | AD18: 0 | AE18: Non-cancerous | AF18: =_xlfn.XLOOKUP(DermAI_Data[[#This Row],[diagnostic]],Diagnosis_lookup!$A$2:$A$7,Diagnosis_lookup!$B$2:$B$7,"Not Found") -> Actinic keratosis
A19: PAT_1033 | B19: 41 | C19: Middle Age | D19: MALE | E19: f | F19: f | G19: f | H19: f | I19: f | J19: f | K19: f | L19: UNKNOWN | M19: UNKNOWN | N19: 153 | O19: 0 | P19: FACE | Q19: 0 | R19: 0 | S19: 0 | T19: Small | U19: t | V19: f | W19: f | X19: f | Y19: f | Z19: f | AA19: f | AB19: ACK | AC19: 0 | AD19: 0 | AE19: Non-cancerous | AF19: =_xlfn.XLOOKUP(DermAI_Data[[#This Row],[diagnostic]],Diagnosis_lookup!$A$2:$A$7,Diagnosis_lookup!$B$2:$B$7,"Not Found") -> Actinic keratosis
A20: PAT_1034 | B20: 55 | C20: Older Adult | D20: MALE | E20: f | F20: f | G20: f | H20: f | I20: f | J20: f | K20: f | L20: UNKNOWN | M20: UNKNOWN | N20: 161 | O20: 0 | P20: ARM | Q20: 0 | R20: 0 | S20: 0 | T20: Small | U20: t | V20: f | W20: f | X20: f | Y20: f | Z20: f | AA20: f | AB20: ACK | AC20: 0 | AD20: 0 | AE20: Non-cancerous | AF20: =_xlfn.XLOOKUP(DermAI_Data[[#This Row],[diagnostic]],Diagnosis_lookup!$A$2:$A$7,Diagnosis_lookup!$B$2:$B$7,"Not Found") -> Actinic keratosis
... A1089: PAT_999 | B1089: 40 | C1089: Middle Age | D1089: FEMALE | E1089: f | F1089: f | G1089: f | H1089: f | I1089: f | J1089: f | K1089: f | L1089: UNKNOWN | M1089: UNKNOWN | N1089: 20 | O1089: 0 | P1089: ARM | Q1089: 0 | R1089: 0 | S1089: 0 | T1089: Small | U1089: t | V1089: f | W1089: f | X1089: f | Y1089: t | Z1089: f | AA1089: f | AB1089: ACK | AC1089: 0 | AD1089: 0 | AE1089: Non-cancerous | AF1089: =_xlfn.XLOOKUP(DermAI_Data[[#This Row],[diagnostic]],Diagnosis_lookup!$A$2:$A$7,Diagnosis_lookup!$B$2:$B$7,"Not Found") -> Actinic keratosis

Sheet Sheet1

Sheet Data_Validation
A1: Cell | B1: Metric | C1: Formular
A2: A2/B2 | B2: Total Records | C2: =ROWS(DermAI_Data[patient_id]) -> 1088
A3: A3/B3 | B3: Cancerous Records | C3: =COUNTIF(DermAI_Data[cancerous_flag],1) -> 346
A4: A4/B4 | B4: Non - Cancerous Records | C4: =COUNTIF(DermAI_Data[cancerous_flag],0) -> 742
A5: A5/B5 | B5: Cancerous Rate | C5: =IFERROR(C3/C2,0) -> 0.31801471
A8: Duplicate Patients IDs | C8: =ROWS(DermAI_Data[patient_id])-ROWS(_xlfn.UNIQUE(DermAI_Data[patient_id])) -> 0
A9: Missing Diagnosis | C9: =COUNTBLANK(DermAI_Data[diagnostic]) -> 0
A10: Invalid Cancer Flags | C10: =ROWS(DermAI_Data[cancerous_flag])-COUNTIF(DermAI_Data[cancerous_flag],0)-COUNTIF(DermAI_Data[cancerous_flag],1) -> 0
A11: lassification difference | C11: =C2-SUM(C3:C4) -> 0
A14: =COUNTIF(DermAI_Data[Diagnosis_Description],"Not Found") -> 0

Sheet Formula_Analysis
A1: Gender | B1: Cancerous Records | D1: Lesion Classiffcation | E1: Average Diameter(mm)
A2: Male | B2: =COUNTIFS(DermAI_Data[gender],A2, DermAI_Data[cancerous_flag],1) -> 189 | D2: Cancerous | E2: =AVERAGEIF(DermAI_Data[cancerous_flag],1,DermAI_Data[mean_diameter]) -> 10.251445
A3: Female | B3: =COUNTIFS(DermAI_Data[gender],A3, DermAI_Data[cancerous_flag],1) -> 157 | D3: Non-Cancerous | E3: =AVERAGEIF(DermAI_Data[cancerous_flag],0,DermAI_Data[mean_diameter]) -> 1.9049865
A4: Total | B4: =SUM(B2:B3) -> 346

Sheet Diagnosis_lookup
A1: Diagnosis Code | B1: Diagnosis Description | D1: Diagnosis Code | E1: Diagnosis Description
A2: ACK | B2: Actinic keratosis | D2: BCC | E2: =_xlfn.XLOOKUP(D2,$A$2:$A$7,$B$2:$B$7,"Not Found") -> Basal cell carcinoma | F2: =VLOOKUP(D2,B7,2,FALSE) -> #N/A
A3: BCC | B3: Basal cell carcinoma
A4: NEV | B4: Melanocytic nevus
A5: SEK | B5: Seborreic keratosis
A6: SCC | B6: Squamous cell carcinoma
A7: MEL | B7: Melanoma
